{
    "human": 0.8591362126245847,
    "score_rouge1": 0.908970099667774,
    "score_rouge2": 0.8365448504983389,
    "score_rougeL": 0.908970099667774,
    "cohen_rouge1": 0.3107621851488388,
    "cohen_rouge2": 0.3095228596505226,
    "cohen_rougeL": 0.3107621851488388,
    "cohen_llm": 0.2974142815056541,
    "cohen_prometheus": 0.11038349535662018,
    "score_llm": 0.8066445182724253,
    "score_prometheus": 0.47308970099667774
}